Datetime,Water Level (m)
2026-09-10 18:00:00,0.33696458
2026-09-10 19:00:00,0.62562937
2026-09-10 20:00:00,0.8894797
2026-09-10 21:00:00,1.0506197
2026-09-10 22:00:00,1.0197114
2026-09-10 23:00:00,0.83443934
2026-09-11 00:00:00,0.62914175
2026-09-11 01:00:00,0.4251819
2026-09-11 02:00:00,0.22656366
2026-09-11 03:00:00,0.053460892
2026-09-11 04:00:00,-0.04910115
2026-09-11 05:00:00,0.1195157
2026-09-11 06:00:00,0.41232273
2026-09-11 07:00:00,0.73509455
2026-09-11 08:00:00,1.038374
2026-09-11 09:00:00,1.2394211
2026-09-11 10:00:00,1.2470546
2026-09-11 11:00:00,1.0708548
2026-09-11 12:00:00,0.84766704
2026-09-11 13:00:00,0.628228
2026-09-11 14:00:00,0.41446754
2026-09-11 15:00:00,0.21560472
2026-09-11 16:00:00,0.06212408
2026-09-11 17:00:00,0.100440815
2026-09-11 18:00:00,0.35242397
2026-09-11 19:00:00,0.646314
2026-09-11 20:00:00,0.9499096
2026-09-11 21:00:00,1.1940056
2026-09-11 22:00:00,1.2725742
2026-09-11 23:00:00,1.1291459
2026-09-12 00:00:00,0.9098789
2026-09-12 01:00:00,0.69104636
2026-09-12 02:00:00,0.47846946
2026-09-12 03:00:00,0.27613226
2026-09-12 04:00:00,0.10764578
2026-09-12 05:00:00,0.06452173
2026-09-12 06:00:00,0.29469153
2026-09-12 07:00:00,0.5884298
2026-09-12 08:00:00,0.8989912
2026-09-12 09:00:00,1.1680803
2026-09-12 10:00:00,1.2924159
2026-09-12 11:00:00,1.1835872
2026-09-12 12:00:00,0.97109085
2026-09-12 13:00:00,0.7520578
2026-09-12 14:00:00,0.54132783
2026-09-12 15:00:00,0.33195364
2026-09-12 16:00:00,0.15043096
2026-09-12 17:00:00,0.040953908
2026-09-12 18:00:00,0.19842295
2026-09-12 19:00:00,0.47829983
2026-09-12 20:00:00,0.7860422
2026-09-12 21:00:00,1.0814308
2026-09-12 22:00:00,1.2726525
2026-09-12 23:00:00,1.238938
2026-09-13 00:00:00,1.0407926
2026-09-13 01:00:00,0.82319075
2026-09-13 02:00:00,0.6099584
2026-09-13 03:00:00,0.40371716
2026-09-13 04:00:00,0.21581611
2026-09-13 05:00:00,0.07892839
2026-09-13 06:00:00,0.15234065
2026-09-13 07:00:00,0.40717483
2026-09-13 08:00:00,0.6936503
2026-09-13 09:00:00,0.98322463
2026-09-13 10:00:00,1.1893563
2026-09-13 11:00:00,1.1953967
2026-09-13 12:00:00,1.0177263
2026-09-13 13:00:00,0.8094654
2026-09-13 14:00:00,0.60447896
2026-09-13 15:00:00,0.4042297
2026-09-13 16:00:00,0.21806847
2026-09-13 17:00:00,0.06917539
2026-09-13 18:00:00,0.068716384
2026-09-13 19:00:00,0.30701146
2026-09-13 20:00:00,0.5954785
2026-09-13 21:00:00,0.8963746
2026-09-13 22:00:00,1.1463695
2026-09-13 23:00:00,1.2368815
2026-09-14 00:00:00,1.1058393
2026-09-14 01:00:00,0.90156156
2026-09-14 02:00:00,0.6988993
2026-09-14 03:00:00,0.50055224
2026-09-14 04:00:00,0.31357956
2026-09-14 05:00:00,0.15438809
2026-09-14 06:00:00,0.0898598
2026-09-14 07:00:00,0.27821407
2026-09-14 08:00:00,0.5512686
2026-09-14 09:00:00,0.83732903
2026-09-14 10:00:00,1.0842526
2026-09-14 11:00:00,1.1905769
2026-09-14 12:00:00,1.0810219
2026-09-14 13:00:00,0.8873467
2026-09-14 14:00:00,0.6906557
2026-09-14 15:00:00,0.4974085
2026-09-14 16:00:00,0.3142957
2026-09-14 17:00:00,0.15641506
2026-09-14 18:00:00,0.072644934
2026-09-14 19:00:00,0.22373152
2026-09-14 20:00:00,0.48892453
2026-09-14 21:00:00,0.77960896
2026-09-14 22:00:00,1.0585257
2026-09-14 23:00:00,1.2341679
2026-09-15 00:00:00,1.2002445
2026-09-15 01:00:00,1.0177153
2026-09-15 02:00:00,0.8175736
2026-09-15 03:00:00,0.61788905
2026-09-15 04:00:00,0.43001914
2026-09-15 05:00:00,0.26357108
2026-09-15 06:00:00,0.14776534
2026-09-15 07:00:00,0.22102936
2026-09-15 08:00:00,0.4532658
2026-09-15 09:00:00,0.71154964
2026-09-15 10:00:00,0.9632892
2026-09-15 11:00:00,1.1288942
2026-09-15 12:00:00,1.1066945
2026-09-15 13:00:00,0.9420066
2026-09-15 14:00:00,0.75923955
2026-09-15 15:00:00,0.57192016
2026-09-15 16:00:00,0.39525047
2026-09-15 17:00:00,0.23558246
2026-09-15 18:00:00,0.11872809
2026-09-15 19:00:00,0.16227096
2026-09-15 20:00:00,0.38752636
2026-09-15 21:00:00,0.6557891
2026-09-15 22:00:00,0.92994845
2026-09-15 23:00:00,1.1450248
2026-09-16 00:00:00,1.2027072
2026-09-16 01:00:00,1.0714488
2026-09-16 02:00:00,0.8881113
2026-09-16 03:00:00,0.70417535
2026-09-16 04:00:00,0.5225373
2026-09-16 05:00:00,0.36024132
2026-09-16 06:00:00,0.23173548
2026-09-16 07:00:00,0.20979458
2026-09-16 08:00:00,0.37858567
2026-09-16 09:00:00,0.6091171
2026-09-16 10:00:00,0.84087425
2026-09-16 11:00:00,1.0287719
2026-09-16 12:00:00,1.0811268
2026-09-16 13:00:00,0.9676768
2026-09-16 14:00:00,0.80165297
2026-09-16 15:00:00,0.62640154
2026-09-16 16:00:00,0.45653033
2026-09-16 17:00:00,0.30345386
2026-09-16 18:00:00,0.18024312
